timestamp,hour,day_of_week,is_weekend,lag_1h,lag_24h,rolling_mean_6h,actual_crowd,predicted_crowd,bottleneck_alert
2024-03-14 00:00:00,0,3,0,538.0,636.0,252.0,534,617.0,Normal
2024-03-14 01:00:00,1,3,0,534.0,913.0,308.1666666666667,546,728.0,Normal
2024-03-14 02:00:00,2,3,0,546.0,827.0,371.3333333333333,901,850.0,Normal
2024-03-14 03:00:00,3,3,0,901.0,918.0,490.6666666666667,1090,1015.0,Normal
2024-03-14 04:00:00,4,3,0,1090.0,1031.0,614.6666666666666,1019,1066.0,Normal
2024-03-14 05:00:00,5,3,0,1019.0,1052.0,771.3333333333334,1178,1061.0,Normal
2024-03-14 06:00:00,6,3,0,1178.0,1179.0,878.0,1261,1083.0,Normal
2024-03-14 07:00:00,7,3,0,1261.0,921.0,999.1666666666666,1214,1099.0,Normal
2024-03-14 08:00:00,8,3,0,1214.0,927.0,1110.5,1197,1014.0,Normal
2024-03-14 09:00:00,9,3,0,1197.0,846.0,1159.8333333333333,1027,945.0,Normal
2024-03-14 10:00:00,10,3,0,1027.0,945.0,1149.3333333333333,857,838.0,Normal
2024-03-14 11:00:00,11,3,0,857.0,900.0,1122.3333333333333,569,787.0,Normal
2024-03-14 12:00:00,12,3,0,569.0,589.0,1020.8333333333334,575,655.0,Normal
2024-03-14 13:00:00,13,3,0,575.0,453.0,906.5,386,477.0,Normal
2024-03-14 14:00:00,14,3,0,386.0,357.0,768.5,567,374.0,Normal
2024-03-14 15:00:00,15,3,0,567.0,362.0,663.5,228,292.0,Normal
2024-03-14 16:00:00,16,3,0,228.0,74.0,530.3333333333334,179,162.0,Normal
2024-03-14 17:00:00,17,3,0,179.0,140.0,417.3333333333333,172,144.0,Normal
2024-03-14 18:00:00,18,3,0,172.0,197.0,351.1666666666667,104,167.0,Normal
2024-03-14 19:00:00,19,3,0,104.0,167.0,272.6666666666667,286,155.0,Normal
2024-03-14 20:00:00,20,3,0,286.0,185.0,256.0,104,219.0,Normal
2024-03-14 21:00:00,21,3,0,104.0,346.0,178.83333333333334,265,190.0,Normal
2024-03-14 22:00:00,22,3,0,265.0,79.0,185.0,275,233.0,Normal
2024-03-14 23:00:00,23,3,0,275.0,538.0,201.0,338,434.0,Normal
2024-03-15 00:00:00,0,4,1,338.0,534.0,228.66666666666666,838,926.0,Normal
2024-03-15 01:00:00,1,4,1,838.0,546.0,351.0,1025,1101.0,Normal
2024-03-15 02:00:00,2,4,1,1025.0,901.0,474.1666666666667,1107,1175.0,Normal
2024-03-15 03:00:00,3,4,1,1107.0,1090.0,641.3333333333334,1184,1242.0,Normal
2024-03-15 04:00:00,4,4,1,1184.0,1019.0,794.5,1192,1211.0,Normal
2024-03-15 05:00:00,5,4,1,1192.0,1178.0,947.3333333333334,1374,1341.0,High Alert
2024-03-15 06:00:00,6,4,1,1374.0,1261.0,1120.0,1249,1444.0,High Alert
2024-03-15 07:00:00,7,4,1,1249.0,1214.0,1188.5,1458,1350.0,High Alert
2024-03-15 08:00:00,8,4,1,1458.0,1197.0,1260.6666666666667,1341,1351.0,High Alert
2024-03-15 09:00:00,9,4,1,1341.0,1027.0,1299.6666666666667,1107,1271.0,High Alert
2024-03-15 10:00:00,10,4,1,1107.0,857.0,1286.8333333333333,1119,1056.0,Normal
2024-03-15 11:00:00,11,4,1,1119.0,569.0,1274.6666666666667,954,1051.0,Normal
2024-03-15 12:00:00,12,4,1,954.0,575.0,1204.6666666666667,931,920.0,Normal
2024-03-15 13:00:00,13,4,1,931.0,386.0,1151.6666666666667,904,709.0,Normal
2024-03-15 14:00:00,14,4,1,904.0,567.0,1059.3333333333333,462,626.0,Normal
2024-03-15 15:00:00,15,4,1,462.0,228.0,912.8333333333334,557,535.0,Normal
2024-03-15 16:00:00,16,4,1,557.0,179.0,821.1666666666666,450,484.0,Normal
2024-03-15 17:00:00,17,4,1,450.0,172.0,709.6666666666666,484,494.0,Normal
2024-03-15 18:00:00,18,4,1,484.0,104.0,631.3333333333334,421,477.0,Normal
2024-03-15 19:00:00,19,4,1,421.0,286.0,546.3333333333334,341,375.0,Normal
2024-03-15 20:00:00,20,4,1,341.0,104.0,452.5,435,580.0,Normal
2024-03-15 21:00:00,21,4,1,435.0,265.0,448.0,466,555.0,Normal
2024-03-15 22:00:00,22,4,1,466.0,275.0,432.8333333333333,757,642.0,Normal
2024-03-15 23:00:00,23,4,1,757.0,338.0,484.0,772,765.0,Normal
2024-03-16 00:00:00,0,5,1,772.0,838.0,532.0,1090,903.0,Normal
2024-03-16 01:00:00,1,5,1,1090.0,1025.0,643.5,1023,1128.0,Normal
2024-03-16 02:00:00,2,5,1,1023.0,1107.0,757.1666666666666,1079,1168.0,Normal
2024-03-16 03:00:00,3,5,1,1079.0,1184.0,864.5,1102,1267.0,Normal
2024-03-16 04:00:00,4,5,1,1102.0,1192.0,970.5,1152,1354.0,High Alert
2024-03-16 05:00:00,5,5,1,1152.0,1374.0,1036.3333333333333,1224,1367.0,High Alert
2024-03-16 06:00:00,6,5,1,1224.0,1249.0,1111.6666666666667,1426,1399.0,High Alert
2024-03-16 07:00:00,7,5,1,1426.0,1458.0,1167.6666666666667,1433,1418.0,High Alert
2024-03-16 08:00:00,8,5,1,1433.0,1341.0,1236.0,1174,1414.0,High Alert
2024-03-16 09:00:00,9,5,1,1174.0,1107.0,1251.8333333333333,1343,1291.0,High Alert
2024-03-16 10:00:00,10,5,1,1343.0,1119.0,1292.0,1101,1276.0,High Alert
2024-03-16 11:00:00,11,5,1,1101.0,954.0,1283.5,1044,1019.0,Normal
2024-03-16 12:00:00,12,5,1,1044.0,931.0,1253.5,1061,909.0,Normal
2024-03-16 13:00:00,13,5,1,1061.0,904.0,1192.6666666666667,860,849.0,Normal
2024-03-16 14:00:00,14,5,1,860.0,462.0,1097.1666666666667,623,635.0,Normal
2024-03-16 15:00:00,15,5,1,623.0,557.0,1005.3333333333334,457,540.0,Normal
2024-03-16 16:00:00,16,5,1,457.0,450.0,857.6666666666666,251,484.0,Normal
2024-03-16 17:00:00,17,5,1,251.0,484.0,716.0,345,366.0,Normal
2024-03-16 18:00:00,18,5,1,345.0,421.0,599.5,378,435.0,Normal
2024-03-16 19:00:00,19,5,1,378.0,341.0,485.6666666666667,318,469.0,Normal
2024-03-16 20:00:00,20,5,1,318.0,435.0,395.3333333333333,453,555.0,Normal
2024-03-16 21:00:00,21,5,1,453.0,466.0,367.0,554,562.0,Normal
2024-03-16 22:00:00,22,5,1,554.0,757.0,383.1666666666667,627,619.0,Normal
2024-03-16 23:00:00,23,5,1,627.0,772.0,445.8333333333333,705,726.0,Normal
2024-03-17 00:00:00,0,6,1,705.0,1090.0,505.8333333333333,916,919.0,Normal
2024-03-17 01:00:00,1,6,1,916.0,1023.0,595.5,1073,1085.0,Normal
2024-03-17 02:00:00,2,6,1,1073.0,1079.0,721.3333333333334,1040,1177.0,Normal
2024-03-17 03:00:00,3,6,1,1040.0,1102.0,819.1666666666666,1394,1175.0,Normal
2024-03-17 04:00:00,4,6,1,1394.0,1152.0,959.1666666666666,1323,1346.0,High Alert
2024-03-17 05:00:00,5,6,1,1323.0,1224.0,1075.1666666666667,1384,1408.0,High Alert
2024-03-17 06:00:00,6,6,1,1384.0,1426.0,1188.3333333333333,1470,1416.0,High Alert
2024-03-17 07:00:00,7,6,1,1470.0,1433.0,1280.6666666666667,1406,1307.0,High Alert
2024-03-17 08:00:00,8,6,1,1406.0,1174.0,1336.1666666666667,1428,1367.0,High Alert
2024-03-17 09:00:00,9,6,1,1428.0,1343.0,1400.8333333333333,1282,1234.0,Normal
2024-03-17 10:00:00,10,6,1,1282.0,1101.0,1382.1666666666667,1088,1162.0,Normal
2024-03-17 11:00:00,11,6,1,1088.0,1044.0,1343.0,1065,1034.0,Normal
2024-03-17 12:00:00,12,6,1,1065.0,1061.0,1289.8333333333333,785,1000.0,Normal
2024-03-17 13:00:00,13,6,1,785.0,860.0,1175.6666666666667,781,767.0,Normal
2024-03-17 14:00:00,14,6,1,781.0,623.0,1071.5,646,609.0,Normal
2024-03-17 15:00:00,15,6,1,646.0,457.0,941.1666666666666,525,498.0,Normal
2024-03-17 16:00:00,16,6,1,525.0,251.0,815.0,454,445.0,Normal
2024-03-17 17:00:00,17,6,1,454.0,345.0,709.3333333333334,228,403.0,Normal
2024-03-17 18:00:00,18,6,1,228.0,378.0,569.8333333333334,345,365.0,Normal
2024-03-17 19:00:00,19,6,1,345.0,318.0,496.5,426,487.0,Normal
2024-03-17 20:00:00,20,6,1,426.0,453.0,437.3333333333333,482,541.0,Normal
2024-03-17 21:00:00,21,6,1,482.0,554.0,410.0,443,594.0,Normal
2024-03-17 22:00:00,22,6,1,443.0,627.0,396.3333333333333,776,638.0,Normal
2024-03-17 23:00:00,23,6,1,776.0,705.0,450.0,683,675.0,Normal
2024-03-18 00:00:00,0,0,0,683.0,916.0,525.8333333333334,696,588.0,Normal
2024-03-18 01:00:00,1,0,0,696.0,1073.0,584.3333333333334,772,674.0,Normal
2024-03-18 02:00:00,2,0,0,772.0,1040.0,642.0,785,806.0,Normal
2024-03-18 03:00:00,3,0,0,785.0,1394.0,692.5,1131,937.0,Normal
2024-03-18 04:00:00,4,0,0,1131.0,1323.0,807.1666666666666,913,1114.0,Normal
2024-03-18 05:00:00,5,0,0,913.0,1384.0,830.0,1174,1131.0,Normal
2024-03-18 06:00:00,6,0,0,1174.0,1470.0,911.8333333333334,1200,1084.0,Normal
2024-03-18 07:00:00,7,0,0,1200.0,1406.0,995.8333333333334,1015,1092.0,Normal
2024-03-18 08:00:00,8,0,0,1015.0,1428.0,1036.3333333333333,1172,997.0,Normal
2024-03-18 09:00:00,9,0,0,1172.0,1282.0,1100.8333333333333,928,988.0,Normal
2024-03-18 10:00:00,10,0,0,928.0,1088.0,1067.0,878,836.0,Normal
2024-03-18 11:00:00,11,0,0,878.0,1065.0,1061.1666666666667,755,733.0,Normal
2024-03-18 12:00:00,12,0,0,755.0,785.0,991.3333333333334,586,580.0,Normal
2024-03-18 13:00:00,13,0,0,586.0,781.0,889.0,551,474.0,Normal
2024-03-18 14:00:00,14,0,0,551.0,646.0,811.6666666666666,429,390.0,Normal
2024-03-18 15:00:00,15,0,0,429.0,525.0,687.8333333333334,71,253.0,Normal
2024-03-18 16:00:00,16,0,0,71.0,454.0,545.0,297,190.0,Normal
2024-03-18 17:00:00,17,0,0,297.0,228.0,448.1666666666667,50,168.0,Normal
2024-03-18 18:00:00,18,0,0,50.0,345.0,330.6666666666667,203,134.0,Normal
2024-03-18 19:00:00,19,0,0,203.0,426.0,266.8333333333333,229,128.0,Normal
2024-03-18 20:00:00,20,0,0,229.0,482.0,213.16666666666666,57,151.0,Normal
2024-03-18 21:00:00,21,0,0,57.0,443.0,151.16666666666666,205,245.0,Normal
2024-03-18 22:00:00,22,0,0,205.0,776.0,173.5,239,362.0,Normal
2024-03-18 23:00:00,23,0,0,239.0,683.0,163.83333333333334,449,404.0,Normal
2024-03-19 00:00:00,0,1,0,449.0,696.0,230.33333333333334,569,609.0,Normal
2024-03-19 01:00:00,1,1,0,569.0,772.0,291.3333333333333,807,692.0,Normal
2024-03-19 02:00:00,2,1,0,807.0,785.0,387.6666666666667,981,838.0,Normal
2024-03-19 03:00:00,3,1,0,981.0,1131.0,541.6666666666666,1093,950.0,Normal
2024-03-19 04:00:00,4,1,0,1093.0,913.0,689.6666666666666,976,1010.0,Normal
2024-03-19 05:00:00,5,1,0,976.0,1174.0,812.5,1062,1086.0,Normal
2024-03-19 06:00:00,6,1,0,1062.0,1200.0,914.6666666666666,931,1094.0,Normal
2024-03-19 07:00:00,7,1,0,931.0,1015.0,975.0,1002,1016.0,Normal
2024-03-19 08:00:00,8,1,0,1002.0,1172.0,1007.5,1129,949.0,Normal
2024-03-19 09:00:00,9,1,0,1129.0,928.0,1032.1666666666667,1115,991.0,Normal
2024-03-19 10:00:00,10,1,0,1115.0,878.0,1035.8333333333333,726,885.0,Normal
2024-03-19 11:00:00,11,1,0,726.0,755.0,994.1666666666666,670,746.0,Normal
2024-03-19 12:00:00,12,1,0,670.0,586.0,928.8333333333334,597,633.0,Normal
2024-03-19 13:00:00,13,1,0,597.0,551.0,873.1666666666666,498,499.0,Normal
2024-03-19 14:00:00,14,1,0,498.0,429.0,789.1666666666666,269,350.0,Normal
2024-03-19 15:00:00,15,1,0,269.0,71.0,645.8333333333334,288,235.0,Normal
2024-03-19 16:00:00,16,1,0,288.0,297.0,508.0,119,182.0,Normal
2024-03-19 17:00:00,17,1,0,119.0,50.0,406.8333333333333,115,76.0,Normal
2024-03-19 18:00:00,18,1,0,115.0,203.0,314.3333333333333,154,172.0,Normal
2024-03-19 19:00:00,19,1,0,154.0,229.0,240.5,117,180.0,Normal
2024-03-19 20:00:00,20,1,0,117.0,57.0,177.0,123,138.0,Normal
2024-03-19 21:00:00,21,1,0,123.0,205.0,152.66666666666666,235,206.0,Normal
2024-03-19 22:00:00,22,1,0,235.0,239.0,143.83333333333334,341,342.0,Normal
2024-03-19 23:00:00,23,1,0,341.0,449.0,180.83333333333334,433,431.0,Normal
2024-03-20 00:00:00,0,2,0,433.0,569.0,233.83333333333334,574,642.0,Normal
2024-03-20 01:00:00,1,2,0,574.0,807.0,303.8333333333333,889,678.0,Normal
2024-03-20 02:00:00,2,2,0,889.0,981.0,432.5,906,854.0,Normal
2024-03-20 03:00:00,3,2,0,906.0,1093.0,563.0,924,965.0,Normal
2024-03-20 04:00:00,4,2,0,924.0,976.0,677.8333333333334,1102,1066.0,Normal
2024-03-20 05:00:00,5,2,0,1102.0,1062.0,804.6666666666666,1049,1106.0,Normal
2024-03-20 06:00:00,6,2,0,1049.0,931.0,907.3333333333334,1217,1069.0,Normal
2024-03-20 07:00:00,7,2,0,1217.0,1002.0,1014.5,1119,1060.0,Normal
2024-03-20 08:00:00,8,2,0,1119.0,1129.0,1052.8333333333333,1022,977.0,Normal
2024-03-20 09:00:00,9,2,0,1022.0,1115.0,1072.1666666666667,998,1096.0,Normal
2024-03-20 10:00:00,10,2,0,998.0,726.0,1084.5,692,819.0,Normal
2024-03-20 11:00:00,11,2,0,692.0,670.0,1016.1666666666666,616,783.0,Normal
2024-03-20 12:00:00,12,2,0,616.0,597.0,944.0,480,579.0,Normal
2024-03-20 13:00:00,13,2,0,480.0,498.0,821.1666666666666,484,469.0,Normal
2024-03-20 14:00:00,14,2,0,484.0,269.0,715.3333333333334,523,284.0,Normal
2024-03-20 15:00:00,15,2,0,523.0,288.0,632.1666666666666,469,266.0,Normal
2024-03-20 16:00:00,16,2,0,469.0,119.0,544.0,230,160.0,Normal
2024-03-20 17:00:00,17,2,0,230.0,115.0,467.0,167,143.0,Normal
2024-03-20 18:00:00,18,2,0,167.0,154.0,392.1666666666667,50,167.0,Normal
2024-03-20 19:00:00,19,2,0,50.0,117.0,320.5,62,153.0,Normal
2024-03-20 20:00:00,20,2,0,62.0,123.0,250.16666666666666,88,157.0,Normal
2024-03-20 21:00:00,21,2,0,88.0,235.0,177.66666666666666,184,180.0,Normal
2024-03-20 22:00:00,22,2,0,184.0,341.0,130.16666666666666,333,384.0,Normal
2024-03-20 23:00:00,23,2,0,333.0,433.0,147.33333333333334,423,486.0,Normal
2024-03-21 00:00:00,0,3,0,423.0,574.0,190.0,402,617.0,Normal
2024-03-21 01:00:00,1,3,0,402.0,889.0,248.66666666666666,804,694.0,Normal
2024-03-21 02:00:00,2,3,0,804.0,906.0,372.3333333333333,742,834.0,Normal
2024-03-21 03:00:00,3,3,0,742.0,924.0,481.3333333333333,977,834.0,Normal
2024-03-21 04:00:00,4,3,0,977.0,1102.0,613.5,1240,979.0,Normal
2024-03-21 05:00:00,5,3,0,1240.0,1049.0,764.6666666666666,991,1092.0,Normal
2024-03-21 06:00:00,6,3,0,991.0,1217.0,859.3333333333334,846,1085.0,Normal
2024-03-21 07:00:00,7,3,0,846.0,1119.0,933.3333333333334,1054,1030.0,Normal
2024-03-21 08:00:00,8,3,0,1054.0,1022.0,975.0,1143,1070.0,Normal
2024-03-21 09:00:00,9,3,0,1143.0,998.0,1041.8333333333333,1149,970.0,Normal
2024-03-21 10:00:00,10,3,0,1149.0,692.0,1070.5,727,843.0,Normal
2024-03-21 11:00:00,11,3,0,727.0,616.0,985.0,779,776.0,Normal
2024-03-21 12:00:00,12,3,0,779.0,480.0,949.6666666666666,553,737.0,Normal
2024-03-21 13:00:00,13,3,0,553.0,484.0,900.8333333333334,459,485.0,Normal
2024-03-21 14:00:00,14,3,0,459.0,523.0,801.6666666666666,614,355.0,Normal
2024-03-21 15:00:00,15,3,0,614.0,469.0,713.5,96,293.0,Normal
2024-03-21 16:00:00,16,3,0,96.0,230.0,538.0,192,197.0,Normal
2024-03-21 17:00:00,17,3,0,192.0,167.0,448.8333333333333,163,180.0,Normal
2024-03-21 18:00:00,18,3,0,163.0,50.0,346.1666666666667,208,67.0,Normal
2024-03-21 19:00:00,19,3,0,208.0,62.0,288.6666666666667,126,159.0,Normal
2024-03-21 20:00:00,20,3,0,126.0,88.0,233.16666666666666,197,208.0,Normal
2024-03-21 21:00:00,21,3,0,197.0,184.0,163.66666666666666,207,210.0,Normal
2024-03-21 22:00:00,22,3,0,207.0,333.0,182.16666666666666,376,298.0,Normal
2024-03-21 23:00:00,23,3,0,376.0,423.0,212.83333333333334,436,522.0,Normal
2024-03-22 00:00:00,0,4,1,436.0,402.0,258.3333333333333,962,946.0,Normal
2024-03-22 01:00:00,1,4,1,962.0,804.0,384.0,992,1005.0,Normal
2024-03-22 02:00:00,2,4,1,992.0,742.0,528.3333333333334,1187,1186.0,Normal
2024-03-22 03:00:00,3,4,1,1187.0,977.0,693.3333333333334,1250,1177.0,Normal
2024-03-22 04:00:00,4,4,1,1250.0,1240.0,867.1666666666666,1445,1295.0,High Alert
2024-03-22 05:00:00,5,4,1,1445.0,991.0,1045.3333333333333,1377,1416.0,High Alert
2024-03-22 06:00:00,6,4,1,1377.0,846.0,1202.1666666666667,1222,1469.0,High Alert
2024-03-22 07:00:00,7,4,1,1222.0,1054.0,1245.5,1509,1339.0,High Alert
2024-03-22 08:00:00,8,4,1,1509.0,1143.0,1331.6666666666667,1242,1375.0,High Alert
2024-03-22 09:00:00,9,4,1,1242.0,1149.0,1340.8333333333333,1188,1259.0,Normal
2024-03-22 10:00:00,10,4,1,1188.0,727.0,1330.5,1090,1086.0,Normal
2024-03-22 11:00:00,11,4,1,1090.0,779.0,1271.3333333333333,1166,1015.0,Normal
2024-03-22 12:00:00,12,4,1,1166.0,553.0,1236.1666666666667,686,891.0,Normal
2024-03-22 13:00:00,13,4,1,686.0,459.0,1146.8333333333333,1084,679.0,Normal
2024-03-22 14:00:00,14,4,1,1084.0,614.0,1076.0,755,738.0,Normal
2024-03-22 15:00:00,15,4,1,755.0,96.0,994.8333333333334,568,575.0,Normal
2024-03-22 16:00:00,16,4,1,568.0,192.0,891.5,461,473.0,Normal
2024-03-22 17:00:00,17,4,1,461.0,163.0,786.6666666666666,445,492.0,Normal
2024-03-22 18:00:00,18,4,1,445.0,208.0,666.5,452,444.0,Normal
2024-03-22 19:00:00,19,4,1,452.0,126.0,627.5,481,436.0,Normal
2024-03-22 20:00:00,20,4,1,481.0,197.0,527.0,522,454.0,Normal
2024-03-22 21:00:00,21,4,1,522.0,207.0,488.1666666666667,555,522.0,Normal
2024-03-22 22:00:00,22,4,1,555.0,376.0,486.0,630,743.0,Normal
2024-03-22 23:00:00,23,4,1,630.0,436.0,514.1666666666666,755,743.0,Normal
2024-03-23 00:00:00,0,5,1,755.0,962.0,565.8333333333334,880,911.0,Normal
2024-03-23 01:00:00,1,5,1,880.0,992.0,637.1666666666666,1142,1023.0,Normal
2024-03-23 02:00:00,2,5,1,1142.0,1187.0,747.3333333333334,1209,1130.0,Normal
2024-03-23 03:00:00,3,5,1,1209.0,1250.0,861.8333333333334,959,1287.0,High Alert
2024-03-23 04:00:00,4,5,1,959.0,1445.0,929.1666666666666,1398,1225.0,Normal
2024-03-23 05:00:00,5,5,1,1398.0,1377.0,1057.1666666666667,1402,1475.0,High Alert
2024-03-23 06:00:00,6,5,1,1402.0,1222.0,1165.0,1398,1420.0,High Alert
2024-03-23 07:00:00,7,5,1,1398.0,1509.0,1251.3333333333333,1344,1345.0,High Alert
2024-03-23 08:00:00,8,5,1,1344.0,1242.0,1285.0,1445,1361.0,High Alert
2024-03-23 09:00:00,9,5,1,1445.0,1188.0,1324.3333333333333,1348,1278.0,High Alert
2024-03-23 10:00:00,10,5,1,1348.0,1090.0,1389.1666666666667,1072,1151.0,Normal
2024-03-23 11:00:00,11,5,1,1072.0,1166.0,1334.8333333333333,1070,1050.0,Normal
2024-03-23 12:00:00,12,5,1,1070.0,686.0,1279.5,802,963.0,Normal
2024-03-23 13:00:00,13,5,1,802.0,1084.0,1180.1666666666667,632,752.0,Normal
2024-03-23 14:00:00,14,5,1,632.0,755.0,1061.5,587,650.0,Normal
2024-03-23 15:00:00,15,5,1,587.0,568.0,918.5,632,463.0,Normal
2024-03-23 16:00:00,16,5,1,632.0,461.0,799.1666666666666,562,510.0,Normal
2024-03-23 17:00:00,17,5,1,562.0,445.0,714.1666666666666,468,387.0,Normal
2024-03-23 18:00:00,18,5,1,468.0,452.0,613.8333333333334,472,421.0,Normal
2024-03-23 19:00:00,19,5,1,472.0,481.0,558.8333333333334,468,420.0,Normal
2024-03-23 20:00:00,20,5,1,468.0,522.0,531.5,402,472.0,Normal
2024-03-23 21:00:00,21,5,1,402.0,555.0,500.6666666666667,589,507.0,Normal
2024-03-23 22:00:00,22,5,1,589.0,630.0,493.5,730,722.0,Normal
2024-03-23 23:00:00,23,5,1,730.0,755.0,521.5,846,821.0,Normal
2024-03-24 00:00:00,0,6,1,846.0,880.0,584.5,1018,949.0,Normal
2024-03-24 01:00:00,1,6,1,1018.0,1142.0,675.5,1100,1092.0,Normal
2024-03-24 02:00:00,2,6,1,1100.0,1209.0,780.8333333333334,1185,1242.0,Normal
2024-03-24 03:00:00,3,6,1,1185.0,959.0,911.3333333333334,1360,1329.0,High Alert
2024-03-24 04:00:00,4,6,1,1360.0,1398.0,1039.8333333333333,1330,1319.0,High Alert
2024-03-24 05:00:00,5,6,1,1330.0,1402.0,1139.8333333333333,1294,1399.0,High Alert
2024-03-24 06:00:00,6,6,1,1294.0,1398.0,1214.5,1383,1425.0,High Alert
2024-03-24 07:00:00,7,6,1,1383.0,1344.0,1275.3333333333333,1308,1321.0,High Alert
2024-03-24 08:00:00,8,6,1,1308.0,1445.0,1310.0,1265,1364.0,High Alert
2024-03-24 09:00:00,9,6,1,1265.0,1348.0,1323.3333333333333,1239,1258.0,Normal
2024-03-24 10:00:00,10,6,1,1239.0,1072.0,1303.1666666666667,1070,1132.0,Normal
2024-03-24 11:00:00,11,6,1,1070.0,1070.0,1259.8333333333333,998,1079.0,Normal
2024-03-24 12:00:00,12,6,1,998.0,802.0,1210.5,710,961.0,Normal
2024-03-24 13:00:00,13,6,1,710.0,632.0,1098.3333333333333,791,673.0,Normal
2024-03-24 14:00:00,14,6,1,791.0,587.0,1012.1666666666666,650,597.0,Normal
2024-03-24 15:00:00,15,6,1,650.0,632.0,909.6666666666666,464,500.0,Normal
2024-03-24 16:00:00,16,6,1,464.0,562.0,780.5,532,382.0,Normal
2024-03-24 17:00:00,17,6,1,532.0,468.0,690.8333333333334,510,418.0,Normal
2024-03-24 18:00:00,18,6,1,510.0,472.0,609.5,239,449.0,Normal
2024-03-24 19:00:00,19,6,1,239.0,468.0,531.0,340,349.0,Normal
2024-03-24 20:00:00,20,6,1,340.0,402.0,455.8333333333333,390,515.0,Normal
2024-03-24 21:00:00,21,6,1,390.0,589.0,412.5,452,592.0,Normal
2024-03-24 22:00:00,22,6,1,452.0,730.0,410.5,732,651.0,Normal
2024-03-24 23:00:00,23,6,1,732.0,846.0,443.8333333333333,751,749.0,Normal
2024-03-25 00:00:00,0,0,0,751.0,1018.0,484.0,573,563.0,Normal
2024-03-25 01:00:00,1,0,0,573.0,1100.0,539.6666666666666,529,688.0,Normal
2024-03-25 02:00:00,2,0,0,529.0,1185.0,571.1666666666666,913,752.0,Normal
2024-03-25 03:00:00,3,0,0,913.0,1360.0,658.3333333333334,829,965.0,Normal
2024-03-25 04:00:00,4,0,0,829.0,1330.0,721.1666666666666,1039,991.0,Normal
2024-03-25 05:00:00,5,0,0,1039.0,1294.0,772.3333333333334,1110,1069.0,Normal
2024-03-25 06:00:00,6,0,0,1110.0,1383.0,832.1666666666666,1236,1107.0,Normal
2024-03-25 07:00:00,7,0,0,1236.0,1308.0,942.6666666666666,952,1079.0,Normal
2024-03-25 08:00:00,8,0,0,952.0,1265.0,1013.1666666666666,731,993.0,Normal
2024-03-25 09:00:00,9,0,0,731.0,1239.0,982.8333333333334,971,796.0,Normal
2024-03-25 10:00:00,10,0,0,971.0,1070.0,1006.5,1030,814.0,Normal
2024-03-25 11:00:00,11,0,0,1030.0,998.0,1005.0,853,739.0,Normal
2024-03-25 12:00:00,12,0,0,853.0,710.0,962.1666666666666,620,645.0,Normal
2024-03-25 13:00:00,13,0,0,620.0,791.0,859.5,421,390.0,Normal
2024-03-25 14:00:00,14,0,0,421.0,650.0,771.0,430,343.0,Normal
2024-03-25 15:00:00,15,0,0,430.0,464.0,720.8333333333334,149,267.0,Normal
2024-03-25 16:00:00,16,0,0,149.0,532.0,583.8333333333334,214,221.0,Normal
2024-03-25 17:00:00,17,0,0,214.0,510.0,447.8333333333333,167,187.0,Normal
2024-03-25 18:00:00,18,0,0,167.0,239.0,333.5,206,140.0,Normal
2024-03-25 19:00:00,19,0,0,206.0,340.0,264.5,393,128.0,Normal
2024-03-25 20:00:00,20,0,0,393.0,390.0,259.8333333333333,206,199.0,Normal
2024-03-25 21:00:00,21,0,0,206.0,452.0,222.5,195,215.0,Normal
2024-03-25 22:00:00,22,0,0,195.0,732.0,230.16666666666666,347,346.0,Normal
2024-03-25 23:00:00,23,0,0,347.0,751.0,252.33333333333334,293,459.0,Normal
2024-03-26 00:00:00,0,1,0,293.0,573.0,273.3333333333333,530,670.0,Normal
2024-03-26 01:00:00,1,1,0,530.0,529.0,327.3333333333333,688,715.0,Normal
2024-03-26 02:00:00,2,1,0,688.0,913.0,376.5,797,812.0,Normal
2024-03-26 03:00:00,3,1,0,797.0,829.0,475.0,968,909.0,Normal
2024-03-26 04:00:00,4,1,0,968.0,1039.0,603.8333333333334,950,1039.0,Normal
2024-03-26 05:00:00,5,1,0,950.0,1110.0,704.3333333333334,1195,1089.0,Normal
2024-03-26 06:00:00,6,1,0,1195.0,1236.0,854.6666666666666,1100,1083.0,Normal
2024-03-26 07:00:00,7,1,0,1100.0,952.0,949.6666666666666,1082,1016.0,Normal
2024-03-26 08:00:00,8,1,0,1082.0,731.0,1015.3333333333334,1000,1004.0,Normal
2024-03-26 09:00:00,9,1,0,1000.0,971.0,1049.1666666666667,969,892.0,Normal
2024-03-26 10:00:00,10,1,0,969.0,1030.0,1049.3333333333333,932,863.0,Normal
2024-03-26 11:00:00,11,1,0,932.0,853.0,1046.3333333333333,642,708.0,Normal
2024-03-26 12:00:00,12,1,0,642.0,620.0,954.1666666666666,534,637.0,Normal
2024-03-26 13:00:00,13,1,0,534.0,421.0,859.8333333333334,440,522.0,Normal
2024-03-26 14:00:00,14,1,0,440.0,430.0,752.8333333333334,215,334.0,Normal
2024-03-26 15:00:00,15,1,0,215.0,149.0,622.0,164,261.0,Normal
2024-03-26 16:00:00,16,1,0,164.0,214.0,487.8333333333333,119,158.0,Normal
2024-03-26 17:00:00,17,1,0,119.0,167.0,352.3333333333333,204,156.0,Normal
2024-03-26 18:00:00,18,1,0,204.0,206.0,279.3333333333333,126,158.0,Normal
2024-03-26 19:00:00,19,1,0,126.0,393.0,211.33333333333334,136,139.0,Normal
2024-03-26 20:00:00,20,1,0,136.0,206.0,160.66666666666666,252,203.0,Normal
2024-03-26 21:00:00,21,1,0,252.0,195.0,166.83333333333334,232,219.0,Normal
2024-03-26 22:00:00,22,1,0,232.0,347.0,178.16666666666666,389,305.0,Normal
2024-03-26 23:00:00,23,1,0,389.0,293.0,223.16666666666666,460,398.0,Normal
2024-03-27 00:00:00,0,2,0,460.0,530.0,265.8333333333333,626,640.0,Normal
2024-03-27 01:00:00,1,2,0,626.0,688.0,349.1666666666667,671,703.0,Normal
2024-03-27 02:00:00,2,2,0,671.0,797.0,438.3333333333333,606,832.0,Normal
2024-03-27 03:00:00,3,2,0,606.0,968.0,497.3333333333333,940,998.0,Normal
2024-03-27 04:00:00,4,2,0,940.0,950.0,615.3333333333334,1175,1086.0,Normal
2024-03-27 05:00:00,5,2,0,1175.0,1195.0,746.3333333333334,1175,1094.0,Normal
2024-03-27 06:00:00,6,2,0,1175.0,1100.0,865.5,1196,1087.0,Normal
2024-03-27 07:00:00,7,2,0,1196.0,1082.0,960.5,1206,1086.0,Normal
2024-03-27 08:00:00,8,2,0,1206.0,1000.0,1049.6666666666667,1041,1010.0,Normal
2024-03-27 09:00:00,9,2,0,1041.0,969.0,1122.1666666666667,973,945.0,Normal
2024-03-27 10:00:00,10,2,0,973.0,932.0,1127.6666666666667,788,890.0,Normal
2024-03-27 11:00:00,11,2,0,788.0,642.0,1063.1666666666667,697,815.0,Normal
2024-03-27 12:00:00,12,2,0,697.0,534.0,983.5,661,656.0,Normal
2024-03-27 13:00:00,13,2,0,661.0,440.0,894.3333333333334,590,436.0,Normal
2024-03-27 14:00:00,14,2,0,590.0,215.0,791.6666666666666,336,360.0,Normal
2024-03-27 15:00:00,15,2,0,336.0,164.0,674.1666666666666,201,330.0,Normal
2024-03-27 16:00:00,16,2,0,201.0,119.0,545.5,167,172.0,Normal
2024-03-27 17:00:00,17,2,0,167.0,204.0,442.0,177,156.0,Normal
2024-03-27 18:00:00,18,2,0,177.0,126.0,355.3333333333333,50,170.0,Normal
2024-03-27 19:00:00,19,2,0,50.0,136.0,253.5,50,168.0,Normal
2024-03-27 20:00:00,20,2,0,50.0,252.0,163.5,111,199.0,Normal
2024-03-27 21:00:00,21,2,0,111.0,232.0,126.0,124,233.0,Normal
2024-03-27 22:00:00,22,2,0,124.0,389.0,113.16666666666667,299,346.0,Normal
2024-03-27 23:00:00,23,2,0,299.0,460.0,135.16666666666666,455,493.0,Normal
2024-03-28 00:00:00,0,3,0,455.0,626.0,181.5,554,643.0,Normal
2024-03-28 01:00:00,1,3,0,554.0,671.0,265.5,874,656.0,Normal
2024-03-28 02:00:00,2,3,0,874.0,606.0,402.8333333333333,882,856.0,Normal
2024-03-28 03:00:00,3,3,0,882.0,940.0,531.3333333333334,983,992.0,Normal
2024-03-28 04:00:00,4,3,0,983.0,1175.0,674.5,1095,1045.0,Normal
2024-03-28 05:00:00,5,3,0,1095.0,1175.0,807.1666666666666,969,1149.0,Normal
2024-03-28 06:00:00,6,3,0,969.0,1196.0,892.8333333333334,1203,1115.0,Normal
2024-03-28 07:00:00,7,3,0,1203.0,1206.0,1001.0,1075,1058.0,Normal
2024-03-28 08:00:00,8,3,0,1075.0,1041.0,1034.5,1100,1080.0,Normal
2024-03-28 09:00:00,9,3,0,1100.0,973.0,1070.8333333333333,846,911.0,Normal
2024-03-28 10:00:00,10,3,0,846.0,788.0,1048.0,694,864.0,Normal
2024-03-28 11:00:00,11,3,0,694.0,697.0,981.1666666666666,811,746.0,Normal
2024-03-28 12:00:00,12,3,0,811.0,661.0,954.8333333333334,637,658.0,Normal
2024-03-28 13:00:00,13,3,0,637.0,590.0,860.5,380,415.0,Normal
2024-03-28 14:00:00,14,3,0,380.0,336.0,744.6666666666666,263,385.0,Normal
2024-03-28 15:00:00,15,3,0,263.0,201.0,605.1666666666666,358,252.0,Normal
2024-03-28 16:00:00,16,3,0,358.0,167.0,523.8333333333334,50,157.0,Normal
2024-03-28 17:00:00,17,3,0,50.0,177.0,416.5,281,133.0,Normal
2024-03-28 18:00:00,18,3,0,281.0,50.0,328.1666666666667,50,115.0,Normal
2024-03-28 19:00:00,19,3,0,50.0,50.0,230.33333333333334,180,111.0,Normal
2024-03-28 20:00:00,20,3,0,180.0,111.0,197.0,134,208.0,Normal
2024-03-28 21:00:00,21,3,0,134.0,124.0,175.5,306,271.0,Normal
2024-03-28 22:00:00,22,3,0,306.0,299.0,166.83333333333334,295,307.0,Normal
2024-03-28 23:00:00,23,3,0,295.0,455.0,207.66666666666666,454,470.0,Normal
2024-03-29 00:00:00,0,4,1,454.0,554.0,236.5,904,963.0,Normal
2024-03-29 01:00:00,1,4,1,904.0,874.0,378.8333333333333,929,1067.0,Normal
2024-03-29 02:00:00,2,4,1,929.0,882.0,503.6666666666667,1224,1189.0,Normal
2024-03-29 03:00:00,3,4,1,1224.0,983.0,685.3333333333334,1202,1230.0,Normal
2024-03-29 04:00:00,4,4,1,1202.0,1095.0,834.6666666666666,1310,1232.0,Normal
2024-03-29 05:00:00,5,4,1,1310.0,969.0,1003.8333333333334,1283,1403.0,High Alert
2024-03-29 06:00:00,6,4,1,1283.0,1203.0,1142.0,1143,1424.0,High Alert
2024-03-29 07:00:00,7,4,1,1143.0,1075.0,1181.8333333333333,1363,1318.0,High Alert
2024-03-29 08:00:00,8,4,1,1363.0,1100.0,1254.1666666666667,1574,1376.0,High Alert
2024-03-29 09:00:00,9,4,1,1574.0,846.0,1312.5,1332,1283.0,High Alert
2024-03-29 10:00:00,10,4,1,1332.0,694.0,1334.1666666666667,1148,1178.0,Normal
2024-03-29 11:00:00,11,4,1,1148.0,811.0,1307.1666666666667,1003,1051.0,Normal
2024-03-29 12:00:00,12,4,1,1003.0,637.0,1260.5,902,921.0,Normal
2024-03-29 13:00:00,13,4,1,902.0,380.0,1220.3333333333333,825,755.0,Normal
2024-03-29 14:00:00,14,4,1,825.0,263.0,1130.6666666666667,531,686.0,Normal
2024-03-29 15:00:00,15,4,1,531.0,358.0,956.8333333333334,657,519.0,Normal
2024-03-29 16:00:00,16,4,1,657.0,50.0,844.3333333333334,538,525.0,Normal
2024-03-29 17:00:00,17,4,1,538.0,281.0,742.6666666666666,488,471.0,Normal
2024-03-29 18:00:00,18,4,1,488.0,50.0,656.8333333333334,443,423.0,Normal
2024-03-29 19:00:00,19,4,1,443.0,180.0,580.3333333333334,418,393.0,Normal
2024-03-29 20:00:00,20,4,1,418.0,134.0,512.5,534,446.0,Normal
2024-03-29 21:00:00,21,4,1,534.0,306.0,513.0,605,512.0,Normal
2024-03-29 22:00:00,22,4,1,605.0,295.0,504.3333333333333,614,738.0,Normal
2024-03-29 23:00:00,23,4,1,614.0,454.0,517.0,713,697.0,Normal
2024-03-30 00:00:00,0,5,1,713.0,904.0,554.5,910,897.0,Normal
2024-03-30 01:00:00,1,5,1,910.0,929.0,632.3333333333334,1184,1043.0,Normal
2024-03-30 02:00:00,2,5,1,1184.0,1224.0,760.0,1026,1149.0,Normal
2024-03-30 03:00:00,3,5,1,1026.0,1202.0,842.0,1106,1226.0,Normal
2024-03-30 04:00:00,4,5,1,1106.0,1310.0,925.5,1349,1351.0,High Alert
2024-03-30 05:00:00,5,5,1,1349.0,1283.0,1048.0,1388,1349.0,High Alert
2024-03-30 06:00:00,6,5,1,1388.0,1143.0,1160.5,1417,1379.0,High Alert
2024-03-30 07:00:00,7,5,1,1417.0,1363.0,1245.0,1407,1372.0,High Alert
2024-03-30 08:00:00,8,5,1,1407.0,1574.0,1282.1666666666667,1310,1264.0,Normal
2024-03-30 09:00:00,9,5,1,1310.0,1332.0,1329.5,1402,1231.0,Normal
2024-03-30 10:00:00,10,5,1,1402.0,1148.0,1378.8333333333333,989,1174.0,Normal
2024-03-30 11:00:00,11,5,1,989.0,1003.0,1318.8333333333333,946,950.0,Normal
2024-03-30 12:00:00,12,5,1,946.0,902.0,1245.1666666666667,889,977.0,Normal
2024-03-30 13:00:00,13,5,1,889.0,825.0,1157.1666666666667,606,788.0,Normal
2024-03-30 14:00:00,14,5,1,606.0,531.0,1023.6666666666666,632,573.0,Normal
2024-03-30 15:00:00,15,5,1,632.0,657.0,910.6666666666666,712,533.0,Normal
2024-03-30 16:00:00,16,5,1,712.0,538.0,795.6666666666666,469,489.0,Normal
2024-03-30 17:00:00,17,5,1,469.0,488.0,709.0,440,433.0,Normal
2024-03-30 18:00:00,18,5,1,440.0,443.0,624.6666666666666,273,427.0,Normal
2024-03-30 19:00:00,19,5,1,273.0,418.0,522.0,355,340.0,Normal
2024-03-30 20:00:00,20,5,1,355.0,534.0,480.1666666666667,429,495.0,Normal
2024-03-30 21:00:00,21,5,1,429.0,605.0,446.3333333333333,514,553.0,Normal
2024-03-30 22:00:00,22,5,1,514.0,614.0,413.3333333333333,778,604.0,Normal
2024-03-30 23:00:00,23,5,1,778.0,713.0,464.8333333333333,826,680.0,Normal
2024-03-31 00:00:00,0,6,1,826.0,910.0,529.1666666666666,788,936.0,Normal
2024-03-31 01:00:00,1,6,1,788.0,1184.0,615.0,1054,1037.0,Normal
2024-03-31 02:00:00,2,6,1,1054.0,1026.0,731.5,1199,1163.0,Normal
2024-03-31 03:00:00,3,6,1,1199.0,1106.0,859.8333333333334,1367,1295.0,High Alert
2024-03-31 04:00:00,4,6,1,1367.0,1349.0,1002.0,1491,1362.0,High Alert
2024-03-31 05:00:00,5,6,1,1491.0,1388.0,1120.8333333333333,1281,1423.0,High Alert
2024-03-31 06:00:00,6,6,1,1281.0,1417.0,1196.6666666666667,1318,1460.0,High Alert
2024-03-31 07:00:00,7,6,1,1318.0,1407.0,1285.0,1257,1343.0,High Alert
2024-03-31 08:00:00,8,6,1,1257.0,1310.0,1318.8333333333333,1309,1327.0,High Alert
2024-03-31 09:00:00,9,6,1,1309.0,1402.0,1337.1666666666667,1300,1249.0,Normal
2024-03-31 10:00:00,10,6,1,1300.0,989.0,1326.0,1248,1173.0,Normal
2024-03-31 11:00:00,11,6,1,1248.0,946.0,1285.5,1021,1032.0,Normal
2024-03-31 12:00:00,12,6,1,1021.0,889.0,1242.1666666666667,868,958.0,Normal
2024-03-31 13:00:00,13,6,1,868.0,606.0,1167.1666666666667,785,741.0,Normal
2024-03-31 14:00:00,14,6,1,785.0,632.0,1088.5,566,619.0,Normal
2024-03-31 15:00:00,15,6,1,566.0,712.0,964.6666666666666,755,526.0,Normal
2024-03-31 16:00:00,16,6,1,755.0,469.0,873.8333333333334,306,526.0,Normal
2024-03-31 17:00:00,17,6,1,306.0,440.0,716.8333333333334,435,406.0,Normal
2024-03-31 18:00:00,18,6,1,435.0,273.0,619.1666666666666,602,442.0,Normal
2024-03-31 19:00:00,19,6,1,602.0,355.0,574.8333333333334,417,395.0,Normal
2024-03-31 20:00:00,20,6,1,417.0,429.0,513.5,447,433.0,Normal
2024-03-31 21:00:00,21,6,1,447.0,514.0,493.6666666666667,510,498.0,Normal
2024-03-31 22:00:00,22,6,1,510.0,778.0,452.8333333333333,631,667.0,Normal
2024-03-31 23:00:00,23,6,1,631.0,826.0,507.0,907,812.0,Normal
